STAFF_KEY,STAFF_ID,EMPLOYEE_ID,FIRST_NAME,LAST_NAME,ROLE
1101,STF2419,EMP1022,Mary,Evans,Cashier
1102,STF2491,EMP1371,Brent,Jennings,Manager
1103,STF2399,EMP1257,Gregory,Berry,Waiter
1104,STF2309,EMP1803,Michael,Jackson,Security
1105,STF2180,EMP1010,Ronald,Garcia,Sous Chef
1106,STF2503,EMP1572,Denise,Lewis,Waiter
1107,STF2026,EMP1030,Jesus,Hancock,Dishwasher
1108,STF2292,EMP1311,Martin,Moran,Bartender
1109,STF2251,EMP1655,James,Lewis,Cleaner
1110,STF2359,EMP1163,John,Jones,Waiter
1111,STF2040,EMP1063,Brandi,Taylor,Security
1112,STF2572,EMP1480,Gabrielle,Colon,Bartender
1113,STF2599,EMP1152,Laura,Crawford,Chef
1114,STF2146,EMP1894,James,Decker,Bartender
1115,STF2525,EMP1320,Kelly,James,Dishwasher
1116,STF2049,EMP1832,Yvette,Burke,Bartender
1117,STF2237,EMP1266,Rachel,Garcia,Sous Chef
1118,STF2511,EMP1179,James,Fritz,Bartender
1119,STF2360,EMP1248,Catherine,Burns,Waiter
1120,STF2393,EMP1597,Isabel,Houston,Chef
1121,STF2280,EMP1181,Andrea,Meyer,Waiter
1122,STF2267,EMP1638,Alyssa,Warner,Bartender
1123,STF2409,EMP1773,Marcus,Walker,Dishwasher
1124,STF2478,EMP1713,Jonathan,Evans,Security
1125,STF2149,EMP1033,Crystal,Garcia,Host
1126,STF2529,EMP1728,Jason,Woods,Chef
1127,STF2312,EMP1327,Stephen,Johnson,Waiter
1128,STF2265,EMP1506,Tamara,Webb,Sous Chef
1129,STF2010,EMP1139,Kristi,Barnes,Cleaner
1130,STF2258,EMP1594,Randy,King,Bartender
1131,STF2396,EMP1715,Kristin,Taylor,Cashier
1132,STF2112,EMP1774,Melissa,Davis,Cleaner
1133,STF2411,EMP1222,Catherine,Scott,Host
1134,STF2345,EMP1182,April,Lewis,Manager
1135,STF2211,EMP1500,Kevin,Reyes,Waiter
1136,STF2070,EMP1626,Johnny,Stephens,Host
1137,STF2030,EMP1260,Katherine,Rivera,Sous Chef
1138,STF2050,EMP1453,Samantha,Richards,Bartender
1139,STF2300,EMP1377,Daniel,Miller,Cashier
1140,STF2395,EMP1695,Diana,Peterson,Cashier
1141,STF2534,EMP1245,Amy,Webster,Cleaner
1142,STF2341,EMP1285,John,Levy,Cashier
1143,STF2275,EMP1467,Eric,Conley,Cashier
1144,STF2378,EMP1552,Jessica,Edwards,Chef
1145,STF2277,EMP1808,Lori,Cole,Waiter
1146,STF2208,EMP1845,Amy,Flowers,Cashier
1147,STF2279,EMP1841,Gabriel,Casey,Manager
1148,STF2238,EMP1158,Dawn,Chapman,Bartender
1149,STF2274,EMP1863,Lisa,Fletcher,Manager
1150,STF2091,EMP1545,Samantha,Cox,Dishwasher
1151,STF2117,EMP1885,Kari,Lopez,Host
1152,STF2104,EMP1895,Kimberly,Fisher,Host
1153,STF2355,EMP1176,Craig,Henry,Manager
1154,STF2043,EMP1744,Sabrina,Levine,Host
1155,STF2472,EMP1057,John,Daniel,Sous Chef
1156,STF2449,EMP1667,Carolyn,Alexander,Sous Chef
1157,STF2403,EMP1015,Anthony,Savage,Security
1158,STF2262,EMP1133,Maurice,Brooks,Cleaner
1159,STF2225,EMP1613,Robert,Hall,Waiter
1160,STF2594,EMP1864,David,Solomon,Cashier
1161,STF2469,EMP1228,Richard,Chen,Security
1162,STF2218,EMP1007,Brenda,Rogers,Manager
1163,STF2444,EMP1277,Maria,Rowe,Manager
1164,STF2078,EMP1060,Rachel,Bishop,Security
1165,STF2268,EMP1752,John,Graham,Security
1166,STF2590,EMP1766,Doris,Aguirre,Host
1167,STF2446,EMP1568,Kevin,Baker,Manager
1168,STF2188,EMP1316,Austin,Vargas,Chef
1169,STF2381,EMP1898,Michael,Wells,Host
1170,STF2074,EMP1136,Melissa,Robinson,Dishwasher
1171,STF2410,EMP1393,Jeffrey,Chavez,Security
1172,STF2498,EMP1107,Sandra,Hoffman,Cashier
1173,STF2501,EMP1691,Heather,Stewart,Host
1174,STF2418,EMP1249,Molly,Mclean,Chef
1175,STF2053,EMP1280,Sean,Hendricks,Waiter
1176,STF2367,EMP1104,Rachel,Peterson,Sous Chef
1177,STF2580,EMP1364,Michael,Davis,Security
1178,STF2046,EMP1215,Tricia,Davis,Sous Chef
1179,STF2589,EMP1194,Jared,Green,Bartender
1180,STF2247,EMP1408,Michael,Macias,Waiter
1181,STF2512,EMP1304,Robert,Contreras,Cleaner
1182,STF2507,EMP1611,Jessica,Velazquez,Waiter
1183,STF2558,EMP1517,Heather,Rodriguez,Cleaner
1184,STF2447,EMP1188,Stephanie,Santos,Chef
1185,STF2216,EMP1473,Jeremy,Lynch,Cashier
1186,STF2320,EMP1350,Dana,Hall,Waiter
1187,STF2340,EMP1272,Jorge,Patton,Bartender
1201,STF2110,EMP1874,Scott,Smith,Security
1202,STF2434,EMP1682,Haley,Bates,Security
1203,STF2015,EMP1590,Joann,Hodges,Manager
1204,STF2319,EMP1602,Emily,Lopez,Host
1205,STF2352,EMP1530,Michael,Barnes,Bartender
1206,STF2008,EMP1072,Anthony,Randolph,Dishwasher
1207,STF2549,EMP1115,Sean,Cooper,Cleaner
1208,STF2380,EMP1011,James,Howard,Cleaner
1209,STF2509,EMP1798,Denise,Henderson,Dishwasher
1210,STF2083,EMP1066,Denise,Guerrero,Chef
1211,STF2369,EMP1450,Sean,Wong,Waiter
1212,STF2481,EMP1781,Kendra,Anderson,Sous Chef
1213,STF2400,EMP1442,Megan,Edwards,Cashier
1214,STF2338,EMP1083,Jennifer,Murphy,Chef
1215,STF2033,EMP1531,Michael,Martinez,Manager
1216,STF2158,EMP1312,Marisa,Powell,Waiter
1217,STF2331,EMP1692,Timothy,Larson,Cleaner
1218,STF2539,EMP1154,Tiffany,Sandoval,Manager
1219,STF2222,EMP1429,Regina,Hines,Bartender
1220,STF2235,EMP1507,John,Preston,Sous Chef
1221,STF2273,EMP1172,Andrew,Kramer,Dishwasher
1222,STF2107,EMP1204,James,Phillips,Bartender
1223,STF2582,EMP1037,Tyler,Shields,Security
1224,STF2071,EMP1583,Sarah,Castillo,Host
1225,STF2260,EMP1382,Ashley,Griffin,Bartender
1226,STF2012,EMP1801,Stephanie,Jones,Manager
1227,STF2120,EMP1326,Alexandra,Fuller,Cashier
1228,STF2346,EMP1388,Travis,Rivera,Manager
1229,STF2423,EMP1772,Rhonda,Summers,Bartender
1230,STF2020,EMP1211,Dennis,Garcia,Host
1231,STF2282,EMP1802,Cheryl,Hoffman,Manager
1232,STF2165,EMP1464,Jeffrey,Clements,Security
1233,STF2032,EMP1298,Katelyn,Collins,Sous Chef
1234,STF2156,EMP1077,Chad,Boyle,Cashier
1235,STF2170,EMP1323,Rebecca,Johnson,Cashier
1236,STF2257,EMP1259,Travis,Mccann,Dishwasher
1237,STF2397,EMP1717,Brian,Marquez,Chef
1238,STF2148,EMP1513,Jane,Pennington,Security
1239,STF2209,EMP1718,Alexander,Johnson,Security
1240,STF2544,EMP1322,Angel,Martin,Cashier
1241,STF2195,EMP1081,Susan,Martin,Manager
1242,STF2351,EMP1644,Kimberly,Jones,Cleaner
1243,STF2508,EMP1806,Denise,Ramirez,Waiter
1244,STF2250,EMP1585,Patrick,Turner,Dishwasher
1245,STF2034,EMP1615,John,Phillips,Waiter
1246,STF2306,EMP1234,Emma,Bryant,Host
1247,STF2504,EMP1100,Matthew,Jenkins,Waiter
1248,STF2531,EMP1821,Jeanette,Lyons,Bartender
1249,STF2095,EMP1398,Matthew,Greer,Host
1250,STF2133,EMP1065,Cristina,Lester,Cleaner
1251,STF2004,EMP1039,Tammy,Cox,Dishwasher
1252,STF2082,EMP1536,Renee,Smith,Manager
1253,STF2308,EMP1584,Nancy,Russell,Sous Chef
1254,STF2114,EMP1834,Sandra,Turner,Host
1255,STF2318,EMP1056,Catherine,Miller,Sous Chef
1256,STF2248,EMP1893,Travis,Roberts,Cashier
1257,STF2198,EMP1862,Andrew,Fields,Sous Chef
1258,STF2166,EMP1005,John,White,Chef
1259,STF2142,EMP1657,Anita,Clayton,Host
1260,STF2387,EMP1541,Olivia,Garcia,Dishwasher
1261,STF2311,EMP1742,Joseph,Aguirre,Cashier
1262,STF2293,EMP1723,Robert,Garcia,Chef
1263,STF2597,EMP1162,Joseph,Turner,Manager
1264,STF2323,EMP1665,Laura,Brown,Cleaner
1265,STF2121,EMP1294,Edward,Foley,Dishwasher
1266,STF2150,EMP1031,Kendra,Cruz,Bartender
1267,STF2574,EMP1593,James,Jones,Security
1268,STF2371,EMP1797,Danielle,Mason,Security
1269,STF2299,EMP1581,Andrew,Robinson,Sous Chef
1270,STF2520,EMP1830,Gary,Fowler,Cleaner
1271,STF2528,EMP1712,Eric,Robinson,Sous Chef
1272,STF2415,EMP1324,John,Smith,Bartender
1273,STF2546,EMP1596,Christopher,Brown,Cashier
1274,STF2094,EMP1778,Denise,Ruiz,Manager
1275,STF2152,EMP1404,Jennifer,Owens,Host
1276,STF2022,EMP1688,April,Simmons,Waiter
1277,STF2255,EMP1079,Patrick,Marshall,Waiter
1278,STF2144,EMP1709,Christopher,Berry,Cashier
1279,STF2009,EMP1086,Lauren,Hess,Cashier
1280,STF2362,EMP1793,Madeline,Page,Waiter
1281,STF2103,EMP1338,Eric,Smith,Sous Chef
1282,STF2450,EMP1559,Paul,Watkins,Chef
1283,STF2404,EMP1003,John,Ponce,Cleaner
1284,STF2453,EMP1792,Scott,Peck,Dishwasher
1285,STF2596,EMP1869,Michael,Matthews,Security
1286,STF2187,EMP1290,Patricia,Martin,Waiter
1287,STF2067,EMP1516,Billy,Gill,Chef
1288,STF2416,EMP1534,David,Owen,Cashier
1289,STF2468,EMP1116,Maria,Walker,Chef
1290,STF2171,EMP1367,Timothy,Perry,Cashier
1291,STF2201,EMP1569,Travis,Shaw,Dishwasher
1292,STF2066,EMP1668,Natalie,Barr,Cleaner
1293,STF2073,EMP1314,Laura,Kelley,Dishwasher
1294,STF2500,EMP1059,Kari,Calderon,Security
1295,STF2463,EMP1395,Amber,Harris,Chef
1296,STF2518,EMP1050,Darren,Smith,Waiter
1297,STF2364,EMP1113,Sara,Davis,Bartender
1298,STF2333,EMP1703,David,Russell,Cleaner
1299,STF2307,EMP1220,Robert,Long,Host
1300,STF2392,EMP1790,Ricardo,Lewis,Dishwasher
1301,STF2561,EMP1814,Pamela,Vance,Cleaner
1302,STF2013,EMP1120,Christopher,Landry,Sous Chef
1303,STF2339,EMP1061,Christina,Joseph,Bartender
1304,STF2128,EMP1428,Daniel,Benton,Chef
1305,STF2563,EMP1670,Eric,Anderson,Dishwasher
1306,STF2108,EMP1745,David,Wilkerson,Sous Chef
1307,STF2505,EMP1443,Tanya,Bailey,Host
1308,STF2521,EMP1142,Amy,White,Bartender
1309,STF2373,EMP1336,Kenneth,Reyes,Waiter
1310,STF2138,EMP1486,Michelle,Fox,Cleaner
1311,STF2276,EMP1812,Erik,Gordon,Security
1312,STF2473,EMP1784,Jessica,Clark,Chef
1313,STF2571,EMP1621,Rebecca,Weber,Security
1314,STF2147,EMP1165,Kathleen,Castillo,Cleaner
1315,STF2566,EMP1511,Alexa,Rosario,Waiter
1316,STF2336,EMP1844,Kelly,Jackson,Host
1317,STF2343,EMP1889,Amanda,Gould,Bartender
1318,STF2541,EMP1544,Aaron,Clark,Cleaner
1319,STF2493,EMP1580,Theresa,Kent,Cashier
1320,STF2436,EMP1184,Justin,Holmes,Security
1321,STF2232,EMP1319,Timothy,Bryant,Dishwasher
1322,STF2598,EMP1635,Derrick,Benton,Manager
1323,STF2227,EMP1815,James,Rivers,Cleaner
1324,STF2270,EMP1687,Lisa,Neal,Manager
1325,STF2543,EMP1127,Sandy,Walters,Host
1326,STF2084,EMP1820,Jose,Lester,Bartender
1327,STF2212,EMP1365,Cynthia,Jones,Waiter
1328,STF2005,EMP1731,Jessica,Williams,Manager
1329,STF2560,EMP1045,Kathleen,Ramirez,Chef
1330,STF2254,EMP1828,Kenneth,Pittman,Bartender
1331,STF2384,EMP1329,Frank,Perry,Cashier
1332,STF2111,EMP1794,Autumn,Durham,Bartender
1333,STF2177,EMP1779,Diana,Martinez,Host
1334,STF2214,EMP1482,Rhonda,Hernandez,Manager
1335,STF2593,EMP1870,David,Zuniga,Chef
1336,STF2314,EMP1041,Jacqueline,Anderson,Bartender
1337,STF2176,EMP1578,Mario,Morrison,Chef
1338,STF2288,EMP1164,Michael,Dunlap,Waiter
1339,STF2023,EMP1333,Kelly,Williams,Bartender
1340,STF2042,EMP1370,Jeffrey,Robbins,Dishwasher
1341,STF2510,EMP1169,Jessica,Williams,Host
1342,STF2076,EMP1361,Kathryn,Arellano,Dishwasher
1343,STF2182,EMP1244,Scott,Mitchell,Cashier
1344,STF2388,EMP1722,Justin,Reed,Host
1345,STF2118,EMP1096,Adam,Williams,Cleaner
1346,STF2130,EMP1582,Samuel,Ray,Manager
1347,STF2259,EMP1842,Angela,Cox,Chef
1348,STF2382,EMP1043,Katrina,Reynolds,Sous Chef
1349,STF2256,EMP1148,Lindsey,Holmes,Waiter
1350,STF2059,EMP1543,Amy,Barnes,Chef
1351,STF2240,EMP1836,Matthew,Sanchez,Cleaner
1352,STF2402,EMP1716,Bianca,Brady,Sous Chef
1353,STF2347,EMP1721,Keith,Smith,Security
1354,STF2038,EMP1431,Jason,Perez,Cleaner
1355,STF2099,EMP1751,Ivan,Wilson,Bartender
1356,STF2348,EMP1223,Angela,Crane,Cleaner
1357,STF2168,EMP1734,Kevin,Gonzalez,Cleaner
1358,STF2499,EMP1875,Timothy,Alexander,Cashier
1359,STF2376,EMP1835,Virginia,Green,Manager
1360,STF2564,EMP1171,Nicholas,Shah,Cashier
1361,STF2234,EMP1254,Charles,Banks,Host
1362,STF2159,EMP1082,Travis,Farmer,Bartender
1363,STF2357,EMP1446,Jacob,Schroeder,Waiter
1364,STF2151,EMP1673,Pamela,Baker,Bartender
1365,STF2443,EMP1554,Jeffrey,Boyer,Dishwasher
1366,STF2587,EMP1764,Johnny,Macdonald,Waiter
1367,STF2551,EMP1180,Carmen,Russell,Sous Chef
1368,STF2189,EMP1029,Tanya,Wagner,Chef
1369,STF2334,EMP1355,David,Lowery,Sous Chef
1370,STF2037,EMP1589,Adrian,Golden,Dishwasher
1371,STF2489,EMP1046,Julie,Gomez,Waiter
1372,STF2379,EMP1094,Sherry,Villa,Sous Chef
1373,STF2361,EMP1740,Cynthia,Christian,Cashier
1374,STF2202,EMP1697,Chris,Sanchez,Manager
1375,STF2421,EMP1221,Corey,Moore,Chef
1376,STF2365,EMP1514,Michelle,Garcia,Chef
1377,STF2519,EMP1353,Debra,Bullock,Cleaner
1378,STF2122,EMP1210,Kenneth,Brown,Cleaner
1379,STF2140,EMP1250,Anthony,Vincent,Waiter
1380,STF2408,EMP1478,Marcus,Peterson,Waiter
1381,STF2129,EMP1141,John,Campbell,Chef
1382,STF2035,EMP1675,Elizabeth,Wilson,Sous Chef
1383,STF2090,EMP1346,Carlos,Mitchell,Manager
1384,STF2160,EMP1321,Michelle,Sanchez,Bartender
1385,STF2089,EMP1575,Kevin,Gonzalez,Bartender
1386,STF2136,EMP1603,Michelle,Odom,Chef
1387,STF2230,EMP1416,Dylan,Beck,Cleaner
1388,STF2424,EMP1883,Leslie,Woodard,Dishwasher
1389,STF2031,EMP1756,Daniel,Stevens,Dishwasher
1390,STF2344,EMP1012,Thomas,Ortiz,Bartender
1391,STF2174,EMP1576,Karen,Ramos,Chef
1392,STF2065,EMP1198,Mark,Clark,Host
1393,STF2269,EMP1281,Kyle,Ford,Cashier
1394,STF2245,EMP1436,Jonathan,Washington,Bartender
1395,STF2175,EMP1897,Nicole,Lee,Manager
1396,STF2079,EMP1664,Kimberly,Reid,Waiter
1397,STF2517,EMP1708,Jill,Price,Security
1398,STF2075,EMP1843,Michael,Church,Security
1399,STF2349,EMP1558,Joel,Harrington,Sous Chef
1400,STF2413,EMP1457,John,Harrington,Bartender
1401,STF2021,EMP1741,James,Wilson,Cashier
1402,STF2253,EMP1212,Curtis,Wyatt,Chef
1403,STF2502,EMP1263,Kathy,Richardson,Dishwasher
1404,STF2480,EMP1816,Misty,Livingston,Host
1405,STF2412,EMP1529,John,Byrd,Bartender
1406,STF2064,EMP1208,Benjamin,Mendoza,Bartender
1407,STF2287,EMP1135,Abigail,Casey,Dishwasher
1408,STF2060,EMP1044,Maria,Cole,Cleaner
1409,STF2058,EMP1302,David,Michael,Sous Chef
1410,STF2131,EMP1743,Jill,Miller,Waiter
1411,STF2190,EMP1055,Adam,Pena,Chef
1412,STF2569,EMP1755,Stephanie,Martin,Bartender
1413,STF2061,EMP1390,Laurie,Harper,Manager
1414,STF2213,EMP1730,Robert,Brown,Bartender
1415,STF2536,EMP1606,Marissa,Rodriguez,Waiter
1416,STF2105,EMP1227,Kevin,Mora,Host
1417,STF2239,EMP1521,Michael,Ballard,Chef
1418,STF2029,EMP1522,Robert,Alexander,Cleaner
1419,STF2552,EMP1301,Alisha,Vaughn,Bartender
1420,STF2422,EMP1605,Ernest,Pierce,Manager
1421,STF2017,EMP1422,Nicole,Burke,Dishwasher
1422,STF2143,EMP1309,Danielle,Casey,Chef
1423,STF2459,EMP1000,Megan,Chang,Cashier
1424,STF2456,EMP1737,Brandi,Hernandez,Cleaner
1425,STF2098,EMP1631,Raymond,Webb,Manager
1426,STF2461,EMP1601,Jennifer,Stokes,Chef
1427,STF2252,EMP1659,Danielle,Harvey,Dishwasher
1428,STF2515,EMP1149,Stephen,Jones,Dishwasher
1429,STF2556,EMP1620,Larry,Miller,Manager
1430,STF2513,EMP1341,Tina,Fox,Bartender
1431,STF2284,EMP1131,Julie,Pennington,Waiter
1432,STF2194,EMP1368,Danielle,Gonzales,Bartender
1433,STF2206,EMP1357,Jessica,Hamilton,Sous Chef
1434,STF2372,EMP1089,Ashley,Rogers,Bartender
1435,STF2052,EMP1549,Kyle,Sutton,Bartender
1436,STF2298,EMP1006,Frances,Massey,Manager
1437,STF2072,EMP1826,Rickey,Davis,Host
1438,STF2184,EMP1306,Drew,Wiley,Chef
1439,STF2226,EMP1528,Roger,Keller,Bartender
1440,STF2028,EMP1658,Randy,Thomas,Dishwasher
1441,STF2454,EMP1117,Kelsey,Russell,Host
1442,STF2506,EMP1490,Paul,Green,Dishwasher
1443,STF2405,EMP1662,James,Elliott,Bartender
1444,STF2145,EMP1275,Dawn,Horton,Cashier
1445,STF2527,EMP1811,Cynthia,Moyer,Waiter
1446,STF2199,EMP1426,Stephanie,Estrada,Manager
1447,STF2068,EMP1328,Brian,Johnson,Cashier
1448,STF2081,EMP1174,Amanda,Castillo,Sous Chef
1449,STF2055,EMP1213,Amy,Stout,Bartender
1450,STF2327,EMP1411,Joshua,Woods,Cleaner
1451,STF2135,EMP1291,Andrew,Roberts,Sous Chef
1452,STF2080,EMP1525,Jodi,Collins,Host
1453,STF2264,EMP1548,Laura,Saunders,Chef
1454,STF2077,EMP1493,Jason,Jones,Cleaner
1455,STF2019,EMP1067,Leslie,Burgess,Manager
1456,STF2115,EMP1465,Mandy,Chavez,Manager
1457,STF2428,EMP1523,James,Castro,Bartender
1458,STF2464,EMP1535,Beth,Clarke,Cashier
1459,STF2057,EMP1396,Jeffrey,Smith,Waiter
1460,STF2305,EMP1145,Lisa,Steele,Cashier
1461,STF2474,EMP1274,Ryan,Davis,Cashier
1462,STF2186,EMP1118,Darren,Jacobs,Sous Chef
1463,STF2330,EMP1264,Matthew,Garcia,Cashier
1464,STF2562,EMP1157,Brandon,Casey,Cleaner
1465,STF2482,EMP1369,Teresa,Gutierrez,Cashier
1466,STF2278,EMP1090,Holly,Robles,Cleaner
1467,STF2101,EMP1405,Shannon,Allen,Host
1468,STF2204,EMP1714,Gregory,Stafford,Waiter
1469,STF2153,EMP1518,Jesse,Moran,Dishwasher
1470,STF2545,EMP1255,Diana,Kline,Dishwasher
1471,STF2363,EMP1074,Richard,Crawford,Bartender
1472,STF2169,EMP1462,Charles,Wilcox,Chef
1473,STF2458,EMP1238,Linda,Smith,Sous Chef
1474,STF2163,EMP1360,Joseph,Valdez,Chef
1475,STF2085,EMP1777,Nancy,Smith,Dishwasher
1476,STF2368,EMP1114,Mariah,Wilson,Waiter
1477,STF2123,EMP1440,Cynthia,Mitchell,Cleaner
1478,STF2229,EMP1300,Diane,Henderson,Security
1479,STF2358,EMP1420,Kristen,Davis,Cleaner
1480,STF2353,EMP1527,James,Dickson,Host
1481,STF2242,EMP1332,Austin,Gonzalez,Security
1482,STF2390,EMP1178,Marissa,Price,Security
1483,STF2495,EMP1195,Scott,Mcdaniel,Dishwasher
1484,STF2335,EMP1018,Melissa,Sanders,Host
1485,STF2471,EMP1660,Ryan,Mcdonald,Waiter
1486,STF2197,EMP1375,Alison,Yates,Security
1487,STF2127,EMP1829,Samuel,French,Dishwasher
1488,STF2496,EMP1899,Christopher,Foster,Manager
1489,STF2479,EMP1595,Kevin,Monroe,Manager
1490,STF2585,EMP1469,David,White,Manager
1491,STF2025,EMP1344,Tracy,Hernandez,Waiter
1492,STF2272,EMP1296,Colleen,Gonzalez,Cashier
1493,STF2007,EMP1110,Stephen,Rivers,Cleaner
1494,STF2439,EMP1735,Adam,Duncan,Security
1495,STF2109,EMP1192,Dustin,Johnson,Cashier
1496,STF2540,EMP1287,Donna,Serrano,Cashier
1497,STF2223,EMP1101,Natalie,Scott,Manager
1498,STF2154,EMP1430,Mark,Wilson,Dishwasher
1499,STF2283,EMP1069,Patricia,Robinson,Bartender
1500,STF2296,EMP1140,Brett,Mccarthy,Waiter
1501,STF2433,EMP1445,Eric,Freeman,Host
1502,STF2490,EMP1349,Kelly,Kaiser,Cleaner
1503,STF2389,EMP1848,Nathan,Hopkins,Manager
1504,STF2452,EMP1088,Lisa,Boyd,Bartender
1505,STF2486,EMP1423,Erika,Carter,Manager
1506,STF2291,EMP1193,Mary,Zimmerman,Cleaner
1507,STF2119,EMP1891,Angela,Daniels,Cashier
1508,STF2579,EMP1852,Charles,Sanchez,Sous Chef
1509,STF2438,EMP1434,Anthony,Garcia,Manager
1510,STF2313,EMP1185,Austin,Alexander,Dishwasher
1511,STF2391,EMP1587,David,Evans,Host
1512,STF2220,EMP1155,Robert,Moore,Host
1513,STF2542,EMP1017,Richard,Gregory,Chef
1514,STF2547,EMP1865,Robert,Bennett,Cashier
1515,STF2467,EMP1696,Cory,Henderson,Manager
1516,STF2087,EMP1485,Jeff,Henderson,Dishwasher
1517,STF2088,EMP1218,Jonathan,Johnson,Bartender
1518,STF2588,EMP1656,Beth,Ellis,Cleaner
1519,STF2448,EMP1271,Jill,Woods,Cleaner
1520,STF2228,EMP1380,Pamela,Ponce,Chef
1521,STF2243,EMP1432,Janice,Diaz,Host
1522,STF2417,EMP1009,Peter,Wood,Cleaner
1523,STF2497,EMP1750,Toni,Martinez,Manager
1524,STF2435,EMP1284,Kevin,Middleton,Manager
1525,STF2221,EMP1351,Sydney,Wagner,Security
1526,STF2100,EMP1570,James,Benson,Security
1527,STF2476,EMP1630,Keith,Garcia,Waiter
1528,STF2054,EMP1247,Matthew,Manning,Bartender
1529,STF2455,EMP1125,Brandon,Vaughan,Security
1530,STF2326,EMP1051,Deborah,Mcdaniel,Dishwasher
1531,STF2420,EMP1356,Jamie,Holland,Bartender
1532,STF2553,EMP1684,Stephanie,Williamson,Host
1533,STF2516,EMP1124,Sophia,Moore,Sous Chef
1534,STF2039,EMP1209,Carlos,Hubbard,Dishwasher
1535,STF2356,EMP1604,Cynthia,Gonzalez,Security
1536,STF2271,EMP1705,Ronald,Simmons,Cleaner
1537,STF2246,EMP1526,Lindsey,Woods,Cashier
1538,STF2192,EMP1599,Jessica,Gutierrez,Waiter
1539,STF2002,EMP1231,Jaime,Banks,Manager
1540,STF2337,EMP1342,Samuel,Miles,Waiter
1541,STF2370,EMP1092,Gregory,Gilbert,Waiter
1542,STF2514,EMP1867,Dana,Carroll,Security
1543,STF2236,EMP1499,Richard,Sanchez,Cleaner
1544,STF2440,EMP1153,Deborah,Wong,Cleaner
1545,STF2437,EMP1799,Vanessa,Salazar,Bartender
1546,STF2386,EMP1785,Nathan,Joyce,Host
1547,STF2125,EMP1078,Justin,Patterson,Security
1548,STF2285,EMP1598,Nicholas,Grant,Cleaner
1549,STF2132,EMP1363,Lindsey,Burns,Manager
1550,STF2249,EMP1359,Jay,Martin,Manager
1551,STF2466,EMP1278,Shawn,Cole,Cleaner
1552,STF2157,EMP1412,Michael,Parker,Dishwasher
1553,STF2162,EMP1693,Jerry,Stewart,Sous Chef
1554,STF2294,EMP1640,Christopher,Terry,Sous Chef
1555,STF2193,EMP1850,Stacie,Simpson,Manager
1556,STF2406,EMP1256,Kevin,Hernandez,Dishwasher
1557,STF2570,EMP1515,Michael,Grant,Security
1558,STF2056,EMP1137,Tiffany,Hunt,Waiter
1559,STF2407,EMP1456,Belinda,Black,Security
1560,STF2451,EMP1236,Rachel,Odom,Host
1561,STF2203,EMP1286,Jason,Thompson,Sous Chef
1562,STF2559,EMP1884,Anita,Duran,Sous Chef
1563,STF2011,EMP1533,Johnny,Nixon,Sous Chef
1564,STF2215,EMP1409,Joseph,Sims,Cleaner
1565,STF2555,EMP1732,Sarah,King,Bartender
1566,STF2577,EMP1704,John,Miller,Waiter
1567,STF2124,EMP1783,Stephanie,Johnson,Security
1568,STF2462,EMP1855,Lindsey,Hayden,Sous Chef
1569,STF2460,EMP1890,Amanda,Torres,Waiter
1570,STF2141,EMP1049,Scott,Thomas,Manager
1571,STF2329,EMP1720,Zachary,Torres,Chef
1572,STF2488,EMP1354,Kevin,Saunders,Security
1573,STF2027,EMP1837,Donna,Orr,Waiter
1574,STF2522,EMP1470,Kimberly,Rose,Security
1575,STF2457,EMP1289,Troy,White,Host
1576,STF2024,EMP1542,Jennifer,Johnson,Sous Chef
1577,STF2210,EMP1394,Sandra,Higgins,Bartender
1578,STF2137,EMP1857,David,Pittman,Manager
1579,STF2139,EMP1235,Ryan,Ward,Security
1580,STF2036,EMP1023,Benjamin,Rogers,Waiter
1581,STF2332,EMP1617,Suzanne,Ellison,Chef
1582,STF2537,EMP1679,Erin,Johnson,Waiter
1583,STF2116,EMP1807,Benjamin,Galloway,Cleaner
1584,STF2051,EMP1352,John,Rosales,Host
1585,STF2595,EMP1579,Robert,Stevens,Manager
1586,STF2523,EMP1399,Robert,Foster,Chef
1587,STF2470,EMP1813,Anthony,Robertson,Sous Chef
1588,STF2535,EMP1746,James,Sanchez,Sous Chef
1589,STF2475,EMP1318,Jonathan,Burnett,Dishwasher
1590,STF2554,EMP1643,Jesse,Martin,Sous Chef
1591,STF2383,EMP1042,Alan,Hayden,Cashier
1592,STF2401,EMP1335,Shannon,Williams,Security
1593,STF2485,EMP1307,Sarah,Fischer,Cashier
1594,STF2261,EMP1483,Matthew,David,Sous Chef
1595,STF2494,EMP1261,David,Welch,Cashier
1596,STF2366,EMP1495,Raymond,Brooks,Security
1597,STF2576,EMP1026,James,Gray,Security
1598,STF2592,EMP1503,Laura,Mckay,Cashier
1599,STF2321,EMP1501,Megan,Daniels,Bartender
1600,STF2375,EMP1824,Kimberly,Lane,Cashier
1601,STF2224,EMP1199,Gabriella,Wallace,Host
1602,STF2324,EMP1433,Christopher,Brown,Sous Chef
1603,STF2181,EMP1334,Elizabeth,Stanton,Waiter
1604,STF2315,EMP1551,Nicholas,Nichols,Cashier
1605,STF2200,EMP1787,James,Glenn,Dishwasher
1606,STF2014,EMP1711,Anthony,Juarez,Dishwasher
1607,STF2578,EMP1437,Daniel,Myers,Cashier
1608,STF2328,EMP1823,Mary,Greer,Waiter
1609,STF2484,EMP1628,William,Weaver,Bartender
1610,STF2102,EMP1512,Michael,Johnston,Waiter
1611,STF2322,EMP1024,Keith,Mora,Host
1612,STF2532,EMP1038,Jared,Harris,Chef
1613,STF2231,EMP1878,Nicholas,Bray,Cashier
1614,STF2217,EMP1292,Stacey,Andrews,Manager
1615,STF2304,EMP1886,Zachary,Webster,Cleaner
1616,STF2301,EMP1073,Matthew,Pratt,Bartender
1617,STF2591,EMP1825,Lisa,Frazier,Waiter
1618,STF2567,EMP1048,Richard,Mcdonald,Bartender
1619,STF2350,EMP1633,Jordan,Reed,Manager
1620,STF2106,EMP1669,Carlos,Hunt,Chef
1621,STF2442,EMP1879,Tony,Kline,Host
1622,STF2041,EMP1239,Patricia,Ward,Waiter
1623,STF2173,EMP1444,Jeffrey,Garcia,Dishwasher
1624,STF2533,EMP1175,Robert,Thomas,Waiter
1625,STF2325,EMP1439,Lonnie,Lawson,Dishwasher
1626,STF2385,EMP1167,Sheri,Allen,Sous Chef
1627,STF2001,EMP1827,Robert,Martin,Host
1628,STF2196,EMP1629,Jessica,Odom,Cashier
1629,STF2113,EMP1481,Maurice,Beltran,Security
1630,STF2487,EMP1310,Peter,Hernandez,Security
1631,STF2093,EMP1809,Dwayne,Cooper,Manager
1632,STF2205,EMP1539,Alejandro,Diaz,Security
1633,STF2096,EMP1076,Marcus,Patton,Sous Chef
1634,STF2342,EMP1362,Natalie,Holt,Chef
1635,STF2289,EMP1028,Brandi,Robbins,Sous Chef
1636,STF2000,EMP1070,Robert,Myers,Chef
1637,STF2086,EMP1381,Regina,Willis,Cleaner
1638,STF2583,EMP1866,Joy,Howard,Sous Chef
1639,STF2290,EMP1497,Joseph,Mason,Waiter
1640,STF2581,EMP1229,Joseph,Pacheco,Manager
1641,STF2286,EMP1477,Michael,Wright,Sous Chef
1642,STF2430,EMP1237,Brandon,Moreno,Chef
1643,STF2297,EMP1173,Derrick,Liu,Chef
1644,STF2045,EMP1625,Dustin,Bowman,Dishwasher
1645,STF2263,EMP1468,Elizabeth,Villanueva,Host
1646,STF2003,EMP1588,David,Le,Waiter
1647,STF2097,EMP1196,Diamond,Young,Host
1648,STF2575,EMP1225,Michelle,Hendrix,Sous Chef
1649,STF2538,EMP1770,Sharon,Patton,Cashier
1650,STF2183,EMP1678,Brian,Jackson,Manager
1651,STF2172,EMP1097,Sandra,Cox,Host
1652,STF2134,EMP1789,Steve,Fernandez,Manager
1653,STF2092,EMP1800,William,Thomas,Security
1654,STF2303,EMP1331,Justin,Miller,Cleaner
1655,STF2317,EMP1425,Jeffrey,Petersen,Cleaner
1656,STF2377,EMP1547,Jenna,Walker,Cleaner
1657,STF2568,EMP1882,Cassandra,Young,Dishwasher
1658,STF2266,EMP1653,Edward,Wilson,Cleaner
1659,STF2126,EMP1265,Gina,Martinez,Cashier
1660,STF2477,EMP1144,Suzanne,Terrell,Cashier
1661,STF2018,EMP1447,Nathaniel,Hull,Cleaner
1662,STF2191,EMP1417,Mary,Thompson,Chef
1663,STF2429,EMP1203,James,Harris,Sous Chef
1664,STF2069,EMP1449,Anthony,Ramos,Sous Chef
1665,STF2492,EMP1479,Nicole,Torres,Waiter
1666,STF2207,EMP1768,Jacqueline,Chapman,Dishwasher
1667,STF2354,EMP1636,Kevin,Rodriguez,Waiter
1668,STF2445,EMP1068,Brian,Mccoy,Cashier
1669,STF2524,EMP1851,Robert,Adams,Host
1670,STF2394,EMP1177,Melissa,Baldwin,Security
1671,STF2185,EMP1591,Stacy,Harrell,Host
1672,STF2164,EMP1487,Elizabeth,Leach,Security
1673,STF2432,EMP1538,Jessica,Webb,Manager
1674,STF2550,EMP1557,Andrew,Reyes,Cleaner
1675,STF2048,EMP1494,Kimberly,Garcia,Host
1676,STF2374,EMP1888,Warren,Daniels,Cashier
1677,STF2414,EMP1424,Sydney,Alexander,Cashier
1678,STF2584,EMP1374,Joshua,Rhodes,Chef
1679,STF2431,EMP1093,Matthew,Friedman,Host
1680,STF2241,EMP1567,Pamela,Taylor,Sous Chef
1681,STF2281,EMP1861,Kendra,Carrillo,Waiter
1682,STF2441,EMP1075,Jason,Knight,Chef
1683,STF2062,EMP1739,Jason,Saunders,Cleaner
1684,STF2465,EMP1126,Antonio,Freeman,Chef
1685,STF2526,EMP1019,Melissa,Williams,Dishwasher
1686,STF2167,EMP1054,Crystal,Black,Dishwasher
1687,STF2006,EMP1299,Jeffrey,Flynn,Host
1688,STF2244,EMP1305,Lisa,Black,Bartender
1689,STF2573,EMP1283,Jonathon,Davis,Bartender
1690,STF2219,EMP1451,Gwendolyn,Alexander,Host
1691,STF2047,EMP1519,Ian,Garcia,Cleaner
1692,STF2233,EMP1002,Tammy,Woods,Host
1693,STF2398,EMP1383,Melanie,Moore,Bartender
1694,STF2310,EMP1132,Timothy,Flores,Host
1695,STF2316,EMP1108,Andrew,Taylor,Dishwasher
1696,STF2557,EMP1838,Jessica,Caldwell,Security
1697,STF2426,EMP1340,Sharon,Harvey,Chef
1698,STF2530,EMP1407,Susan,Warren,Cashier
1699,STF2161,EMP1649,Devin,Bond,Manager
1700,STF2044,EMP1652,Brian,Lopez,Cashier
1701,STF2179,EMP1084,James,Rodriguez,Waiter
1702,STF2155,EMP1109,Joseph,Romero,Security
1703,STF2586,EMP1868,Jennifer,Dyer,Chef
1704,STF2427,EMP1749,Kathleen,Finley,Host
1705,STF2295,EMP1537,Alex,Costa,Host
1706,STF2302,EMP1618,Lisa,Rogers,Cashier
1707,STF2178,EMP1025,Danny,Short,Chef
1708,STF2016,EMP1168,Catherine,Mckinney,Sous Chef
1709,STF2425,EMP1532,Kevin,Marshall,Chef
1710,STF2548,EMP1190,Denise,Lewis,Dishwasher
1711,STF2565,EMP1016,Cassandra,Smith,Security
1712,STF2063,EMP1448,Jaime,Ward,Host
1713,STF2483,EMP1268,Timothy,Campbell,Waiter
